id,data,genere,titolo,autore,descrizione,immagine,audio,link
"NUS014","26/08/26","Narrativa Psicologica","Un giorno alla volta.","Maurizio Guida","C'è un momento, nel silenzio di una notte di lavoro, in cui la vita cambia. Non con un boato, ma con il rumore di passi leggeri su un pavimento di linoleum. È lì che Maver, un uomo abituato a scorrere tra le ombre delle sue notti, incontra Serine. Lei porta con sé il peso di un'esistenza già interamente dedicata ad altri, e il profumo di una libertà che ha paura di reclamare.Nasce un amore fatto di sguardi che si cercano, di silenzi che pesano più delle parole, e di una pazienza che rasenta l'eroismo. È una storia che si svolge un giorno alla volta, dove ogni passo avanti è una vittoria e ogni ritirata una sconfitta del cuore.Maurizio Guida tesse una storia d'amore contemporanea che non è solo un romanzo, ma un'intima esplorazione dell'anima. Attraverso una prosa lirica e coinvolgente, l'autore ci porta a chiederci: cosa significa davvero amare? È restare, anche quando tutto sembra remare contro? O è avere il coraggio di lasciare andare, per permettere all'altro e a se stessi di respirare?Questo libro parla a chiunque abbia mai amato con intensità, a chi ha conosciuto la paura di perdersi in un sentimento, a chi crede che la vera forza risieda nella scelta quotidiana di esserci. È la storia di due anime che imparano che l'amore più autentico non è un'illusione romantica, ma una scelta faticosa e bellissima.Leggendo ""Un giorno alla volta"", ti ritroverai a sperare, a soffrire e a gioire con i protagonisti, e alla fine ti chiederai: Quale sarebbe la mia scelta,","https://assets.cdn.filesafe.space/xSSoqWxggQPWcr2ERD0L/media/6a8f1b5a722007d7ffd3a383.jpg","https://assets.cdn.filesafe.space/xSSoqWxggQPWcr2ERD0L/media/6a8f1b5a1a899e42643d5db6.mp3","https://www.amazon.it/dp/B0H83V9563"
"NUS014","26/08/26","Romanzo Rosa Contemporaneo","Sotto la luna di mezzanotte","Maurizio Guida","Ci sono amori che nascono come fulmini a ciel sereno, e amori che crescono in silenzio, come un fiume sotterraneo in cerca della luce. Quello tra Maver e Serine è nato così: nel cuore di notti insonni, tra i corridoi di un lavoro che non era la loro vita, ma solo il luogo in cui, per caso, le loro esistenze si sono scontrate e, lentamente, intrecciate. Non è la storia di un colpo di fulmine. È la storia di una lenta, inesorabile gravità. È la storia di due anime che si riconoscono nei silenzi, che imparano a parlarsi attraverso sguardi e piccoli gesti. È la storia di un'immagine su uno schermo — due figure che si muovono in un sogno sotto la luna — e di due persone vere, su un divano, che la guardano trattenendo il respiro. Perché il vero amore non è solo sapersi incontrare nella magia effimera della mezzanotte. È avere il coraggio di costruire, insieme, la luce di un nuovo giorno. Sotto la luna di mezzanotte è il primo capitolo di un viaggio che andrà molto, molto lontano. Un viaggio che, a volte, per arrivare all'altro, deve prima passare attraverso le parti più oscure e nascoste di sé. Un incontro. Un'emozione. Un sentimento che non conosce età.","https://assets.cdn.filesafe.space/xSSoqWxggQPWcr2ERD0L/media/6a8f1b87d1afbd2cbcb703b6.png","https://assets.cdn.filesafe.space/xSSoqWxggQPWcr2ERD0L/media/6a8f1b87d6548da0f131aa54.mp3","https://www.amazon.it/dp/B0GMTX127F"
"NUS015","26/08/26","Romanzo Rosa Contemporaneo","Oltre la luna di mezzanotte","Maurizio Guida","Cosa succede dopo il primo bacio sotto la luna? Cosa accade quando il ""forse"" si scontra con il ""ma"", quando la poesia dei primi istanti deve fare i conti con la prosa delle paure ben radicate, delle cicatrici del passato e del terrore, a volte paralizzante, di essere semplicemente felici? Maver e Serine hanno trovato l'inizio di qualcosa di profondo. Ma ora devono affrontare il difficile compito di costruire un ""noi"", quando i loro mondi, le loro paure e i loro doveri sembrano remare contro. Lei, una donna abituata a contare solo su se stessa, vede nell'amore totale di lui non un porto sicuro, ma una gabbia dorata. Lui, un uomo paziente che ha sempre creduto nella forza dei suoi sentimenti, comincia a dubitare che l'attesa possa davvero vincere ogni paura. Oltre la luna di mezzanotte non è solo un sequel. È la risposta a quelle domande. È la cronaca di un amore che rifiuta di essere una fuga dalla realtà, ma che chiede invece di essere un approdo dentro di essa. Esplora la pazienza non come rassegnazione, ma come atto di coraggio quotidiano; l'attesa non come passività, ma come la forma più attiva e potente di rispetto. Perché il vero amore non è solo sapersi incontrare nella magia delle stelle. È avere la forza di camminare insieme alla luce cruda del giorno, accettando che a volte l'atto d'amore più grande non è un bacio dato sotto la luna, ma la volontà di rispondere al telefono alle due di notte e sussurrare, con il cuore in gola: «Non importa. Ci sono ancora.»","https://assets.cdn.filesafe.space/xSSoqWxggQPWcr2ERD0L/media/6a8f1b9ad6548da0f131b824.jpg","https://assets.cdn.filesafe.space/xSSoqWxggQPWcr2ERD0L/media/6a8f1b9ad6548da0f131b824.jpg","https://assets.cdn.filesafe.space/xSSoqWxggQPWcr2ERD0L/media/6a8f1b9ad6548da0f131b824.jpg"
"NUS016","26/08/26","Romanzo Rosa Contemporaneo","All'alba della nostra luna","Maurizio Guida","La felicità non è un punto di arrivo. È una scelta che si rinnova ogni giorno.Dopo le tempeste e le incertezze, Maver e Serine hanno finalmente trovato un loro equilibrio. Ma la vita insieme non è fatta solo di momenti perfetti sotto la luna, ma di giorni da superare, di paure da affrontare a braccetto e di una nuova, fragile normalità da costruire mattone dopo mattone. Insieme, dovranno imparare a fondere le loro vite, le loro case, le loro anime. Scoprendo che l'amore più vero non è quello che ti salva, ma quello che ti sta accanto mentre impari a salvarti da solo.All'alba della nostra luna è la conclusione del percorso emotivo di Maver e Serine — una storia sulla bellezza faticosa e meravigliosa di costruire un amore che duri nel tempo. Non è fatta di gesti eclatanti o di dichiarazioni pubbliche. È una felicità domestica, intima, costruita come un nido, filo dopo filo, nei silenzi comodi delle mattine insieme. Perché il vero amore non è un istante di felicità. È la scelta quotidiana di costruirla insieme.","https://assets.cdn.filesafe.space/xSSoqWxggQPWcr2ERD0L/media/6a8f1c22d6548da0f131cbc6.png","https://assets.cdn.filesafe.space/xSSoqWxggQPWcr2ERD0L/media/6a8f1c221a899e42643d7d2d.mp3","https://www.amazon.it/dp/B0GMW795Z6"
"NUS017","26/08/26","Romanzo Rosa Contemporaneo","Fuori dalla luna di mezzanotte","Maurizio Guida","Questa non è la storia che conosci. Questo è il finale che avrebbe potuto essere. Ci sono amori che nascono per durare, che sfidano il tempo e le paure, costruendo giorno dopo giorno un approdo sicuro. E poi ci sono amori che nascono per insegnare, per segnare l'anima con un'impronta così profonda da cambiare per sempre il corso di due esistenze, anche quando il loro destino non è quello di restare uniti. Cosa sarebbe successo se le paure di Serine fossero state più forti di ogni promessa? Se la pazienza di Maver avesse incontrato non un muro da scalare, ma un abisso da rispettare? Fuori dalla luna di mezzanotte non è una sconfitta. È un percorso parallelo che esplora una verità tanto dolorosa quanto nobile: a volte, il più grande atto d'amore non è lottare per restare, ma avere il coraggio di lasciare che l'altra persona trovi la sua felicità altrove, anche se questo significa rinunciare alla propria. Se nei primi tre libri abbiamo celebrato la tenacia dell'amore, in questo spin-off onoriamo la sua purezza più radicale: quella che non possiede, non trattiene, ma libera. Perché alcune storie d'amore non finiscono con un "per sempre", ma con un ""nonostante tutto"". E a volte, la luce che resta — quella fatta di rispetto, di crescita e di una dolce, malinconica gratitudine — è forse il finale più vero, e più bello, che potessero avere.","https://assets.cdn.filesafe.space/xSSoqWxggQPWcr2ERD0L/media/6a8f1c22d6548da0f131cbc6.png","https://assets.cdn.filesafe.space/xSSoqWxggQPWcr2ERD0L/media/6a8f1c221a899e42643d7d2d.mp3","https://www.amazon.it/dp/B0GMW795Z6"
"NUS018","26/08/26","Romanzo narrativa d'anima","L'anno che smettei di correre","Maurizio Guida","C'è un momento nella vita in cui smetti di correre. Non per stanchezza. Perché ti accorgi che stai correndo nella direzione sbagliata. Leonardo Ferri ha quarantadue anni, un conto in banca che piange e una vita che si è sgretolata. Quando eredita la casa di suo zio Giorgio in un paese sperduto dell'Appennino ligure, arriva con due valigie e la convinzione di restare solo il tempo necessario per vendere tutto. Ma la casa non ha il tetto. Le finestre sono sbarrate. E l'unico abitante che lo accoglie è un cane nero che non abbaia mai. Poi c'è Adele, la vicina ottantenne, che lo squadra dalla porta e gli dice: «Lei non è il primo che arriva qua pensando di rifarsi una vita. Ma gli altri almeno avevano un tetto.» Leonardo non sa ancora che quel rudere diventerà la sua casa. Che imparerà a riparare un tetto, a fare l'orto, a riconoscere il silenzio. Non sa che Adele gli racconterà una storia d'amore durata quarant'anni e mai consumata. Non sa che Giovanni, l'ex muratore, gli insegnerà il coraggio di ricominciare. Non sa che Ottavio, il pastore silenzioso, gli dirà: «Per andare c'è sempre tempo. Per restare, no.» L'anno che smettei di correre è il romanzo di un uomo che scappa da tutto e trova un posto dove fermarsi. Un viaggio nella lentezza, nella scelta di restare, nella scoperta che a volte la cosa più rivoluzionaria è non andarsene.","https://assets.cdn.filesafe.space/xSSoqWxggQPWcr2ERD0L/media/6a8f1b067ac084b112513e0e.jpg","https://assets.cdn.filesafe.space/xSSoqWxggQPWcr2ERD0L/media/6a8f1b06722007d7ffd39a12.mp3","https://www.amazon.it/dp/B0HG31SVHS"
"NUS019","26/08/26","Saggio / Narrativa d'anima","La leggerezza inaspettata","Maurizio Guida","A cinquantacinque anni, ho smesso di volere la vita che credevo di volere. Il mio desiderio ha cambiato voce. Non mi ha urlato addosso. Ha sussurrato, una domenica pomeriggio di novembre, mentre lavavo un piatto. Così inizia il viaggio di un uomo che ha passato una vita a essere ciò che gli altri si aspettavano da lui. Marito, padre, professionista, uomo di famiglia. Ha seguito la mappa che gli era stata data, convinto che portasse alla felicità. Poi, un giorno, si è accorto che quella mappa non era la sua. Tra separazioni, nuovi inizi, silenzi da colmare e parole finalmente dette, La leggerezza inaspettata racconta cosa succede quando smetti di recitare la parte che ti hanno assegnato e cominci a cercare la tua vera voce. Quando deponi il peso di essere chi credevi di dover essere e scopri, con stupore, che la leggerezza non è una conquista. È un ritorno. Non è una cronaca. È una cartografia dell'anima. Le coste che traccia non sono quelle di una geografia misurabile. Sono litorali interiori, disegnati a memoria, dove ogni porto lasciato e ogni approdo trovato raccontano la storia di una trasformazione. Perché il cambiamento più radicale non è lasciare un porto. È cominciare a dubitare della mappa stessa.","https://assets.cdn.filesafe.space/xSSoqWxggQPWcr2ERD0L/media/6a8f1b1d7ac084b112514124.jpg","https://assets.cdn.filesafe.space/xSSoqWxggQPWcr2ERD0L/media/6a8f1b1de20cab6372658023.mp3","https://www.amazon.it/dp/B0GPCZVRNW"
"NUS020","26/08/26","Romanzo contemporaneo / Narrativa d'anima","L'eco di un desiderio","Maurizio Guida","Ho lasciato la luce accesa come fanno quelli che aspettano ancora, anche se non tornano mai."" Aurora ha diciannove anni e una vita che non sa ancora cosa vuole essere. Mentre svuota la soffitta della nonna, trova una vecchia scatola di latta. Dentro, una fotografia sbiadita di una donna di nome Elena e una chiavetta USB che non dovrebbe essere lì. Sulla chiavetta, un unico file audio. Una canzone. Senza titolo, senza autore, senza data. Solo una voce e un pianoforte che raccontano di una luce accesa, di stanze vuote, di un amore che non se n'è mai andato davvero. Aurora ascolta quella canzone. E piange. Perché quelle parole parlano di lei. Della sua storia, del suo dolore, delle sue notti passate a parlare col soffitto. Poi scopre che non è l'unica. In città diverse, in momenti diversi, altre persone hanno ascoltato quella stessa canzone. Marco, che ha ritrovato un orecchino dimenticato sul sedile della macchina. Nadia, che ha ritrovato il coraggio di scrivere a un figlio lontano. Giulio, che ha ritrovato un amico perduto. Jacopo, che non sa ancora che la sua canzone ha cominciato a viaggiare senza di lui. Tutti dicono la stessa cosa: quella canzone parlava di loro. Ma come può una canzone parlare a così tante persone diverse? L'eco di un desiderio è la storia di una canzone che non appartiene a chi l'ha scritta. Appartiene a chi la riconosce. È un romanzo sul potere della musica, sulla memoria che non si arrende, sulla scoperta che a volte le cose che non cerchi sono le uniche che ti salvano. Perché ogni canzone è un'eco. E le eco, per definizione, non appartengono a nessuno. Rimbalzano. Si propagano. E continuano a viaggiare, anche quando la voce che le ha generate ha smesso di cantare.","https://assets.cdn.filesafe.space/xSSoqWxggQPWcr2ERD0L/media/6a8f1b41d6548da0f1319e7c.jpg","https://assets.cdn.filesafe.space/xSSoqWxggQPWcr2ERD0L/media/6a8f1b41747464c6b37b99c6.mp3","https://www.amazon.it/dp/B0HG3HYR6F"
"NUS021","26/08/26","Narrativa Psicologica","Un giorno alla volta.","Maurizio Guida","C'è un momento, nel silenzio di una notte di lavoro, in cui la vita cambia. Non con un boato, ma con il rumore di passi leggeri su un pavimento di linoleum. È lì che Maver, un uomo abituato a scorrere tra le ombre delle sue notti, incontra Serine. Lei porta con sé il peso di un'esistenza già interamente dedicata ad altri, e il profumo di una libertà che ha paura di reclamare.Nasce un amore fatto di sguardi che si cercano, di silenzi che pesano più delle parole, e di una pazienza che rasenta l'eroismo. È una storia che si svolge un giorno alla volta, dove ogni passo avanti è una vittoria e ogni ritirata una sconfitta del cuore.Maurizio Guida tesse una storia d'amore contemporanea che non è solo un romanzo, ma un'intima esplorazione dell'anima. Attraverso una prosa lirica e coinvolgente, l'autore ci porta a chiederci: cosa significa davvero amare? È restare, anche quando tutto sembra remare contro? O è avere il coraggio di lasciare andare, per permettere all'altro e a se stessi di respirare?Questo libro parla a chiunque abbia mai amato con intensità, a chi ha conosciuto la paura di perdersi in un sentimento, a chi crede che la vera forza risieda nella scelta quotidiana di esserci. È la storia di due anime che imparano che l'amore più autentico non è un'illusione romantica, ma una scelta faticosa e bellissima.Leggendo ""Un giorno alla volta"", ti ritroverai a sperare, a soffrire e a gioire con i protagonisti, e alla fine ti chiederai: Quale sarebbe la mia scelta,","https://assets.cdn.filesafe.space/xSSoqWxggQPWcr2ERD0L/media/6a8f1b5a722007d7ffd3a383.jpg","https://assets.cdn.filesafe.space/xSSoqWxggQPWcr2ERD0L/media/6a8f1b5a1a899e42643d5db6.mp3","https://www.amazon.it/dp/B0H83V9563"
